ticker,name,market,country,sector,price,currency,high_52w,discount_52w,market_cap_mln,volume_k,smi,smi_ema,zone,signal,divergence_bull,divergence_desc,vol_confirm,rs_12m,eps_ttm,sales_ttm_mln,quick_ratio,roic,debt_equity,gross_margin,scanned_at,tech_score
GSHD,GSHD,USA,--,--,43.46,USD,106.84,59.3,1028.7,470.8,-52.8,-60.3,OVERSOLD,Strong BUY,True,"div_bull (cena -15.1%, SMI +17.7)",False,,,365.3,,0.1715,,,2026-06-25T18:45:52.516189,8
ALT,ALT,USA,--,--,2.88,USD,6.44,55.2,561.1,3860.9,-61.04,-61.09,OVERSOLD,Strong BUY,True,"div_bull (cena -7.4%, SMI +16.5)",False,,,0.0,18.55,-0.4239,0.159,,2026-06-25T18:46:06.403574,8
IBRX,IBRX,USA,--,--,7.65,USD,12.43,38.5,8012.3,14485.6,-36.41,-40.49,Bearish,Strong BUY,True,"div_bull (cena -2.7%, SMI +6.4)",False,,,113.3,5.08,-0.7275,,0.9934,2026-06-25T18:45:55.424877,7
PATK,PATK,USA,--,--,92.26,USD,148.5,37.9,3034.9,506.4,-64.43,-68.71,OVERSOLD,Strong BUY,True,"div_bull (cena -3.8%, SMI +4.8)",False,,,3950.8,0.8,0.0779,1.261,0.2311,2026-06-25T18:45:59.671695,7
PRME,PRME,USA,--,--,3.15,USD,6.94,54.6,568.9,2488.8,-38.49,-41.99,Bearish,Strong BUY,True,"div_bull (cena -5.3%, SMI +15.7)",False,,,4.6,4.84,-0.8601,0.963,,2026-06-25T18:45:59.822806,7
CARG,CARG,USA,--,--,31.05,USD,39.42,21.2,2800.3,1303.2,-56.07,-57.9,OVERSOLD,Strong BUY,False,,False,,,907.0,2.81,0.514,0.51,0.9278,2026-06-25T18:46:03.049604,7
NSSC,NSSC,USA,--,--,37.76,USD,48.12,21.5,1349.2,423.6,-55.6,-56.58,OVERSOLD,Strong BUY,False,,False,,,181.6,5.51,0.4407,0.032,0.5563,2026-06-25T18:46:04.090728,7
IVVD,IVVD,USA,--,--,0.92,USD,3.07,70.1,270.7,3968.2,-69.43,-70.14,OVERSOLD,Strong BUY,False,,False,,,53.4,7.24,-2.738,0.01,0.9299,2026-06-25T18:45:47.271116,6
OCGN,OCGN,USA,--,--,1.38,USD,2.72,49.5,465.5,6983.5,-76.74,-80.27,OVERSOLD,Strong BUY,False,,False,,,4.4,1.06,-33.0789,,,2026-06-25T18:45:47.660364,6
ALLE,ALLE,USA,--,--,136.79,USD,183.11,25.3,11755.2,1023.0,-32.69,-43.98,Bearish,Strong BUY,False,,False,,,4067.3,1.16,0.1751,0.958,0.452,2026-06-25T18:45:49.412287,6
VLTO,VLTO,USA,--,--,88.08,USD,110.11,20.0,21632.4,2236.3,-22.64,-33.78,Bearish,Strong BUY,False,,False,,,5503.0,1.52,0.2838,0.927,0.5995,2026-06-25T18:45:49.619492,6
REAX,REAX,USA,--,--,1.73,USD,5.41,68.0,371.3,3209.3,-75.47,-76.2,OVERSOLD,Strong BUY,False,,False,,,1968.4,1.41,-0.4234,0.0,0.0842,2026-06-25T18:45:50.447351,6
IIIV,IIIV,USA,--,--,20.32,USD,33.97,40.2,397.3,388.8,-40.71,-41.75,OVERSOLD,Strong BUY,False,,False,,,213.2,1.91,0.0041,0.012,0.6876,2026-06-25T18:45:51.524750,6
CAPR,CAPR,USA,--,--,30.42,USD,40.37,24.6,1761.7,1036.3,-44.76,-47.94,OVERSOLD,Strong BUY,False,,False,,,0.0,9.01,-3.3517,0.047,,2026-06-25T18:45:54.081627,6
GMED,GMED,USA,--,--,84.33,USD,101.4,16.8,11448.0,1544.3,-40.26,-41.81,OVERSOLD,Strong BUY,False,,False,,,2938.9,2.74,0.1116,0.026,0.6741,2026-06-25T18:45:55.017939,6
SUPN,SUPN,USA,--,--,44.84,USD,59.68,24.9,2602.5,631.0,-64.84,-65.34,OVERSOLD,Strong BUY,False,,False,,,719.0,1.66,-0.0294,0.039,0.8963,2026-06-25T18:45:56.121906,6
IMMX,IMMX,USA,--,--,9.77,USD,11.61,15.9,695.2,1191.4,-24.7,-30.85,Bearish,Strong BUY,False,,True,,,0.0,10.01,-37.3881,0.011,,2026-06-25T18:45:57.769796,6
RVLV,RVLV,USA,--,--,22.92,USD,31.68,27.7,1640.1,1111.8,-31.47,-41.41,Bearish,Strong BUY,False,,False,,,1225.7,1.71,0.2278,0.063,0.535,2026-06-25T18:45:59.211253,6
INSM,INSM,USA,--,--,105.27,USD,212.75,50.5,22817.5,3656.7,-75.79,-78.94,OVERSOLD,Strong BUY,False,,False,,,606.4,3.54,-0.774,0.732,0.7973,2026-06-25T18:46:00.045357,6
PFSI,PFSI,USA,--,--,83.43,USD,160.36,48.0,4332.4,542.6,-50.3,-52.23,OVERSOLD,Strong BUY,False,,False,,,4420.3,1.71,0.0273,5.352,0.5926,2026-06-25T18:46:00.225106,6
ALEC,ALEC,USA,--,--,1.99,USD,3.4,41.6,220.4,662.6,-52.37,-56.27,OVERSOLD,Strong BUY,False,,False,,,21.0,3.83,-0.9878,1.182,,2026-06-25T18:46:01.385557,6
TPC,TPC,USA,--,--,81.39,USD,100.0,18.6,4296.8,515.2,-47.6,-50.92,OVERSOLD,Strong BUY,False,,False,,,5543.0,1.27,0.1368,0.334,0.1168,2026-06-25T18:46:02.778967,6
BLCO,BLCO,USA,--,--,15.81,USD,18.92,16.4,5636.8,452.8,-46.43,-48.55,OVERSOLD,Strong BUY,False,,False,,,5101.0,1.04,0.016,0.788,0.5981,2026-06-25T18:46:03.257491,6
IMCR,IMCR,USA,--,--,30.7,USD,40.72,24.6,1561.6,444.3,-36.49,-47.54,Bearish,Strong BUY,False,,True,,,400.0,4.01,-0.1285,1.146,0.9873,2026-06-25T18:46:05.385401,6
MWA,MWA,USA,--,--,27.1,USD,31.0,12.6,4240.4,1222.8,-39.27,-51.94,Bearish,Strong BUY,False,,False,,,1429.7,2.41,0.1819,0.46,0.3614,2026-06-25T18:46:05.947156,6
DSGN,DSGN,USA,--,--,13.65,USD,17.25,20.9,852.2,785.0,-39.01,-44.09,Bearish,Strong BUY,False,,True,,,0.0,17.14,-0.3198,0.007,,2026-06-25T18:46:06.056670,6
STZ,STZ,USA,--,--,142.37,USD,178.14,20.1,24414.6,2117.8,-48.74,-48.95,OVERSOLD,Strong BUY,False,,False,,,9139.0,0.55,0.1107,1.386,0.5155,2026-06-25T18:45:44.251007,5
IRWD,IRWD,USA,--,--,3.83,USD,5.78,33.7,630.5,2170.0,-39.74,-37.09,Bearish,Strong BUY,False,,False,,,296.2,1.13,,,1.3864,2026-06-25T18:45:45.067699,5
CAST,CAST,USA,--,--,8.82,USD,33.0,73.3,364.6,9018.7,-13.04,-43.36,Bearish,Strong BUY,False,,False,,,0.5,4.14,,,0.3365,2026-06-25T18:45:45.226130,5
IR,IR,USA,--,--,80.71,USD,100.96,20.1,31586.8,3849.3,-24.1,-40.38,Bearish,Strong BUY,False,,False,,,7650.9,1.49,0.0771,0.481,0.4361,2026-06-25T18:45:45.579698,5
FOUR,FOUR,USA,--,--,43.75,USD,108.5,59.7,3470.6,1770.2,-31.31,-40.8,Bearish,Strong BUY,False,,False,,,4180.0,1.65,0.0395,3.201,0.3416,2026-06-25T18:45:45.818091,5
POOL,POOL,USA,--,--,206.08,USD,345.0,40.3,7510.2,965.1,-36.9,-47.08,Bearish,Strong BUY,False,,False,,,5289.4,0.59,0.1673,1.295,0.2973,2026-06-25T18:45:47.601483,5
AOS,AOS,USA,--,--,60.65,USD,81.87,25.9,8359.3,1691.9,-33.37,-45.73,Bearish,Strong BUY,False,,False,,,3830.2,0.94,0.2641,0.103,0.3883,2026-06-25T18:45:47.710314,5
PRTA,PRTA,USA,--,--,9.4,USD,11.8,20.4,491.9,509.3,-39.22,-36.1,Bearish,Strong BUY,False,,False,,,9.7,7.72,,0.03,,2026-06-25T18:45:50.644409,5
XENE,XENE,USA,--,--,56.72,USD,63.95,11.3,5482.9,1157.5,-34.43,-37.13,Bearish,Strong BUY,False,,False,,,7.5,13.42,-0.9512,0.014,,2026-06-25T18:45:52.245117,5
UTZ,UTZ,USA,--,--,7.25,USD,14.67,50.6,641.9,1887.9,-57.21,-57.98,OVERSOLD,Strong BUY,False,,False,,,1438.8,0.82,0.0044,1.441,0.249,2026-06-25T18:45:52.963256,5
IRTC,IRTC,USA,--,--,115.23,USD,212.0,45.6,3786.7,516.7,-36.95,-42.37,Bearish,Strong BUY,False,,False,,,747.1,4.48,-0.0838,4.787,0.7057,2026-06-25T18:45:53.519407,5
BALL,BALL,USA,--,--,61.07,USD,68.29,10.6,16259.7,2922.3,-21.07,-38.69,Bearish,Strong BUY,False,,True,,,13161.0,0.75,0.0853,1.293,0.1959,2026-06-25T18:45:54.810194,5
STTK,STTK,USA,--,--,5.89,USD,8.33,29.2,563.0,710.1,-31.05,-35.56,Bearish,Strong BUY,False,,False,,,1.0,11.7,-1.3663,0.029,,2026-06-25T18:45:58.306434,5
VOR,VOR,USA,--,--,14.77,USD,65.8,77.5,800.6,1037.8,-35.23,-36.35,Bearish,Strong BUY,False,,False,,,0.0,18.2,-6.9132,,,2026-06-25T18:45:59.553490,5
BCC,BCC,USA,--,--,77.94,USD,95.0,18.0,2742.7,402.6,-21.09,-35.22,Bearish,Strong BUY,False,,False,,,6404.6,1.74,0.0596,0.246,0.1646,2026-06-25T18:46:00.544586,5
OMER,OMER,USA,--,--,10.69,USD,17.65,39.4,773.7,1592.6,-29.84,-32.78,Bearish,Strong BUY,False,,False,,,0.0,2.76,-0.5161,,,2026-06-25T18:46:01.650942,5
ATO,ATO,USA,--,--,174.18,USD,192.51,9.5,29074.1,1274.6,-61.38,-63.6,OVERSOLD,Strong BUY,False,,False,,,4702.8,0.63,0.0474,0.686,0.5813,2026-06-25T18:46:01.883886,5
HRTG,HRTG,USA,--,--,24.14,USD,31.98,24.5,730.8,415.1,-51.8,-55.14,OVERSOLD,Strong BUY,False,,False,,,774.4,,0.1232,0.198,,2026-06-25T18:46:02.889743,5
LKQ,LKQ,USA,--,--,26.39,USD,39.77,33.6,6723.9,2884.3,-43.65,-44.46,OVERSOLD,Strong BUY,False,,False,,,13651.0,0.58,0.0693,0.774,0.3857,2026-06-25T18:46:04.513287,5
ALXO,ALXO,USA,--,--,1.8,USD,2.66,32.1,242.9,1132.6,-33.48,-33.34,Bearish,Strong BUY,False,,False,,,0.0,2.07,-5.5655,0.375,,2026-06-25T18:46:04.650315,5
HIG,HIG,USA,--,--,130.64,USD,144.5,9.6,35812.5,1646.3,-42.24,-42.7,OVERSOLD,Strong BUY,False,,False,,,28071.0,,0.0465,0.23,,2026-06-25T18:46:04.741317,5
CNX,CNX,USA,--,--,33.56,USD,43.62,23.1,4748.0,1890.6,-77.4,-79.92,OVERSOLD,Strong BUY,False,,False,,,2142.5,0.41,0.0779,0.601,0.4723,2026-06-25T18:46:05.060589,5
BFAM,BFAM,USA,--,--,66.57,USD,130.76,49.1,3502.0,1170.4,-52.95,-55.26,OVERSOLD,Strong BUY,False,,False,,,2933.6,0.52,0.0809,1.314,0.2377,2026-06-25T18:46:05.225538,5
DFIN,DFIN,USA,--,--,40.33,USD,66.25,39.1,1007.7,306.6,-68.27,-68.91,OVERSOLD,Strong BUY,False,,False,,,767.0,,,,0.6344,2026-06-25T18:46:06.634608,5
BMBL,BMBL,USA,--,--,2.9,USD,8.64,66.4,378.9,3185.3,-72.62,-69.19,OVERSOLD,Turning Up,False,,False,,,965.7,2.21,0.2164,1.052,0.7085,2026-06-25T18:45:45.232254,4
CTVA,CTVA,USA,--,--,81.03,USD,85.63,5.4,54194.5,3901.5,-24.56,-32.21,Bearish,Strong BUY,False,,False,,,17401.0,0.96,0.0713,0.107,0.4729,2026-06-25T18:45:45.353750,4
EMBJ,EMBJ,USA,--,--,62.63,USD,80.75,22.4,11145.5,1614.7,-31.04,-40.76,Bearish,Strong BUY,False,,False,,,7577.5,0.83,0.098,0.787,0.1753,2026-06-25T18:45:48.943667,4
KMI,KMI,USA,--,--,33.2,USD,34.81,4.6,73864.2,11187.9,-19.54,-21.93,Bearish,BUY,True,"div_bull (cena -0.1%, SMI +13.2)",False,,,16937.0,0.5,0.0547,1.02,0.5287,2026-06-25T18:45:50.862517,4
WMB,WMB,USA,--,--,77.55,USD,80.08,3.2,94843.5,6482.9,-4.59,-10.08,Bearish,BUY,True,"div_bull (cena -0.8%, SMI +2.7)",False,,,11950.0,0.48,0.0642,2.295,0.6196,2026-06-25T18:45:51.198363,4
PRAA,PRAA,USA,--,--,18.04,USD,22.55,20.0,688.1,609.7,-47.1,-47.09,OVERSOLD,Turning Up,False,,True,,,1213.3,18.2,0.0515,3.773,0.6317,2026-06-25T18:45:51.471441,4
IONS,IONS,USA,--,--,78.46,USD,86.74,9.6,12965.7,1814.3,6.94,0.32,Bullish,BUY,True,"div_bull (cena -1.3%, SMI +15.9)",False,,,943.7,3.81,-0.1611,4.221,0.9831,2026-06-25T18:45:51.738481,4
WM,WM,USA,--,--,223.11,USD,248.13,10.1,89595.6,2106.3,-32.45,-41.11,Bearish,Strong BUY,False,,False,,,25204.0,0.85,0.0908,2.293,0.4044,2026-06-25T18:45:52.055494,4
WSO,WSO,USA,--,--,406.07,USD,494.94,18.0,16725.3,437.5,-23.09,-24.12,Bearish,BUY,False,,False,,,7239.3,2.18,0.169,0.172,0.2805,2026-06-25T18:45:53.258603,4
IMXI,IMXI,USA,--,--,13.81,USD,15.95,13.4,415.6,532.8,-63.34,-57.92,OVERSOLD,Turning Up,False,,False,,,607.8,2.51,0.2269,1.344,0.3602,2026-06-25T18:46:05.848464,4
PEN,PEN,USA,--,--,317.99,USD,362.41,12.3,12507.0,485.9,-78.02,-76.98,OVERSOLD,Turning Up,False,,False,,,1403.7,4.29,0.1126,0.154,0.6714,2026-06-25T18:45:44.748015,3
FTNT,FTNT,USA,--,--,151.28,USD,150.07,-0.8,110835.0,6377.7,91.35,90.63,OVERBOUGHT,BUY,False,,False,,,6799.6,1.09,0.5887,0.805,0.8046,2026-06-25T18:45:44.943409,3
GETY,GETY,USA,--,--,0.97,USD,3.21,69.8,406.1,5757.4,-41.45,-34.1,OVERSOLD,Turning Up,False,,True,,,981.3,0.77,0.1001,3.615,0.7337,2026-06-25T18:45:45.347154,3
NMRK,NMRK,USA,--,--,14.94,USD,19.83,24.7,2652.3,1437.6,-28.03,-28.86,Bearish,BUY,False,,False,,,3294.0,1.05,0.0511,1.439,,2026-06-25T18:45:45.659245,3
CTRI,CTRI,USA,--,--,31.92,USD,42.99,25.7,3222.3,1326.0,-61.73,-57.8,OVERSOLD,Turning Up,False,,False,,,2982.8,1.78,0.052,1.075,0.0827,2026-06-25T18:45:46.532606,3
SABR,SABR,USA,--,--,1.92,USD,3.52,45.3,761.0,5765.9,-2.05,-5.21,Bearish,BUY,False,,False,,,2771.0,1.07,0.1183,,0.3078,2026-06-25T18:45:46.996908,3
ECO,ECO,USA,--,--,52.36,USD,58.45,10.4,2044.4,473.6,17.08,13.62,Bullish,BUY,False,,True,,,391.5,1.39,0.1385,1.056,0.4674,2026-06-25T18:45:47.766084,3
BKV,BKV,USA,--,--,25.93,USD,32.81,21.0,2836.4,872.2,-65.03,-63.57,OVERSOLD,Turning Up,False,,False,,,893.8,1.75,0.0351,0.239,0.8238,2026-06-25T18:45:48.335102,3
WAT,WAT,USA,--,--,375.85,USD,414.15,9.2,36902.7,1010.6,57.28,54.46,OVERBOUGHT,BUY,False,,False,,,3165.3,1.27,0.2103,0.582,0.5928,2026-06-25T18:45:50.967183,3
CTKB,CTKB,USA,--,--,4.45,USD,6.18,28.1,574.0,1216.7,-9.87,-14.47,Bearish,BUY,False,,False,,,201.5,4.42,-0.1379,0.069,0.5184,2026-06-25T18:45:51.690749,3
CLNE,CLNE,USA,--,--,1.83,USD,3.11,41.3,401.9,1377.0,-83.19,-82.62,OVERSOLD,Turning Up,False,,False,,,424.8,2.03,-0.1258,0.582,0.0384,2026-06-25T18:45:52.895711,3
PWP,PWP,USA,--,--,16.04,USD,25.92,38.1,1169.9,1174.8,-66.57,-62.39,OVERSOLD,Turning Up,False,,False,,,750.9,6.8,0.0904,,0.4332,2026-06-25T18:45:53.164385,3
WAY,WAY,USA,--,--,19.0,USD,41.47,54.2,3644.4,2526.1,-71.25,-69.38,OVERSOLD,Turning Up,False,,False,,,1099.3,1.41,0.0295,0.384,0.6833,2026-06-25T18:45:54.461903,3
AGNT,AGNT,USA,--,--,5.04,USD,12.23,58.8,828.2,1177.3,-73.74,-72.84,OVERSOLD,Turning Up,False,,False,,,4772.3,1.53,-0.1811,0.0,0.0699,2026-06-25T18:45:55.925526,3
SMRT,SMRT,USA,--,--,1.13,USD,2.2,48.6,217.9,1163.7,-72.9,-72.79,OVERSOLD,Turning Up,False,,False,,,152.3,2.69,-0.2497,0.025,0.3274,2026-06-25T18:45:57.499411,3
ANNX,ANNX,USA,--,--,5.12,USD,7.18,28.6,839.7,2597.9,-52.96,-50.71,OVERSOLD,Turning Up,False,,False,,,0.0,5.68,-2.3455,0.124,,2026-06-25T18:45:57.616262,3
CLH,CLH,USA,--,--,300.61,USD,316.98,5.2,15886.0,527.4,-20.42,-25.77,Bearish,BUY,False,,False,,,6030.8,2.0,0.0881,1.106,0.3128,2026-06-25T18:45:58.148097,3
AEP,AEP,USA,--,--,136.76,USD,139.44,1.9,74411.8,4210.7,-6.84,-17.48,Bearish,BUY,False,,True,,,21876.0,0.33,0.0515,1.59,0.6101,2026-06-25T18:45:59.854205,3
KURA,KURA,USA,--,--,10.52,USD,12.49,15.8,933.9,1662.9,2.38,4.14,Bullish,Turning Up,True,"div_bull (cena -0.3%, SMI +2.5)",False,,,67.5,6.05,-0.6429,0.117,0.9992,2026-06-25T18:46:01.155485,3
LNG,LNG,USA,--,--,236.04,USD,300.89,21.6,49462.6,2505.2,-65.36,-64.53,OVERSOLD,Turning Up,False,,False,,,19976.0,0.81,0.1744,3.224,0.4771,2026-06-25T18:46:03.855367,3
ACHC,ACHC,USA,--,--,26.0,USD,30.2,13.9,2391.1,2820.1,-20.95,-21.51,Bearish,BUY,False,,False,,,3312.8,1.54,0.0797,1.357,0.9644,2026-06-25T18:46:03.960669,3
IBOC,IBOC,USA,--,--,76.91,USD,77.11,0.3,4782.4,339.5,60.6,58.88,OVERBOUGHT,BUY,True,"div_bull (cena -0.7%, SMI +26.6)",False,,,842.2,,,0.037,,2026-06-25T18:46:04.761742,3
ABCL,ABCL,USA,--,--,6.68,USD,6.79,1.5,2041.4,6714.2,45.83,43.54,OVERBOUGHT,BUY,False,,False,,,75.1,11.23,-0.1439,0.148,0.3838,2026-06-25T18:45:44.654509,2
ELPC,ELPC,USA,--,--,11.69,USD,13.7,14.6,8682.3,409.8,-34.95,-32.15,Bearish,Turning Up,False,,True,,,26116.9,0.97,0.081,0.878,0.2168,2026-06-25T18:45:44.696547,2
HTO,HTO,USA,--,--,59.45,USD,61.87,3.9,2487.4,529.8,-8.87,-12.91,Bearish,BUY,False,,False,,,800.6,0.7,0.0326,1.283,0.5702,2026-06-25T18:45:45.439817,2
SNDA,SNDA,USA,--,--,39.25,USD,39.81,1.4,1858.3,660.6,21.32,17.41,Bullish,BUY,False,,True,,,381.1,0.74,-0.0185,13.462,0.8826,2026-06-25T18:45:46.481568,2
ATAI,ATAI,USA,--,--,4.61,USD,6.75,31.6,1699.1,5566.1,-29.88,-29.63,Bearish,Turning Up,False,,False,,,4.1,11.74,-0.6162,0.009,,2026-06-25T18:45:47.964606,2
DD,DD,USA,--,--,136.32,USD,144.85,5.9,18406.5,3496.5,71.17,46.68,OVERBOUGHT,BUY,False,,False,,,6849.0,1.91,0.0232,0.229,0.345,2026-06-25T18:45:49.064028,2
HSY,HSY,USA,--,--,177.51,USD,239.48,25.9,36005.7,2065.4,-57.07,-56.98,OVERSOLD,Turning Up,False,,False,,,11692.6,0.72,0.1085,1.238,0.3355,2026-06-25T18:45:49.495476,2
ZIP,ZIP,USA,--,--,3.92,USD,5.61,30.1,319.6,802.1,33.61,33.21,Bullish,BUY,False,,False,,,449.0,6.33,-0.0623,,0.8925,2026-06-25T18:45:50.500770,2
PAYS,PAYS,USA,--,--,7.7,USD,8.88,13.3,430.5,961.9,59.57,58.69,OVERBOUGHT,BUY,False,,False,,,82.0,1.11,0.1427,0.124,0.5939,2026-06-25T18:45:51.040842,2
CORT,CORT,USA,--,--,85.88,USD,91.0,5.6,9219.4,1349.6,86.93,86.62,OVERBOUGHT,BUY,False,,False,,,761.4,2.85,0.0814,0.009,0.983,2026-06-25T18:45:51.412768,2
OGS,OGS,USA,--,--,78.4,USD,90.78,13.6,4920.6,584.1,-70.03,-69.09,OVERSOLD,Turning Up,False,,False,,,2427.4,0.42,0.0514,0.981,0.3584,2026-06-25T18:45:52.154068,2
ANIP,ANIP,USA,--,--,82.81,USD,99.5,16.8,1882.7,345.1,9.16,8.94,Bullish,BUY,False,,False,,,883.4,2.19,0.0758,1.141,0.6136,2026-06-25T18:45:53.747234,2
DLR,DLR,USA,--,--,192.01,USD,208.14,7.7,67473.5,2210.5,-20.44,-16.2,Bearish,Turning Up,False,,False,,,6112.7,1.1,0.0218,0.857,0.5539,2026-06-25T18:45:54.135431,2
VIV,VIV,USA,--,--,13.29,USD,17.26,23.0,21234.8,1038.5,-78.82,-78.66,OVERSOLD,Turning Up,False,,False,,,59595.0,0.94,0.0878,0.296,0.4475,2026-06-25T18:45:54.316464,2
NESR,NESR,USA,--,--,27.13,USD,27.69,2.0,2736.0,1970.8,34.55,33.78,Bullish,BUY,False,,True,,,1324.0,0.89,0.0742,0.343,0.1244,2026-06-25T18:45:55.072515,2
KMPR,KMPR,USA,--,--,25.45,USD,64.96,60.8,1498.3,960.1,-58.24,-57.02,OVERSOLD,Turning Up,False,,False,,,4782.9,,0.0133,0.352,,2026-06-25T18:45:55.148325,2
DTM,DTM,USA,--,--,150.05,USD,152.88,1.9,15307.2,752.3,35.33,30.78,Bullish,BUY,False,,False,,,1243.0,1.07,0.0479,0.712,0.7924,2026-06-25T18:45:55.483625,2
PACS,PACS,USA,--,--,40.31,USD,43.08,6.4,6380.8,851.3,13.53,8.54,Bullish,BUY,False,,False,,,5288.9,1.07,0.0475,3.666,0.1475,2026-06-25T18:45:55.685947,2
FDMT,FDMT,USA,--,--,11.52,USD,12.34,6.6,602.2,820.4,2.77,-11.59,Bullish,BUY,False,,False,,,85.2,9.39,-0.2725,0.042,,2026-06-25T18:45:56.057888,2
ORC,ORC,USA,--,--,6.89,USD,8.4,18.0,1381.8,5461.6,-17.59,-25.04,Bearish,BUY,False,,False,,,179.5,,,0.0,,2026-06-25T18:45:57.944740,2
APPS,APPS,USA,--,--,10.0,USD,10.8,7.4,1206.6,5153.7,67.84,67.13,OVERBOUGHT,BUY,False,,False,,,565.3,1.16,0.0636,1.92,0.4859,2026-06-25T18:45:58.421838,2
MO,MO,USA,--,--,73.36,USD,74.56,1.6,122494.9,8884.7,49.56,47.38,OVERBOUGHT,BUY,False,,False,,,20139.0,0.53,0.4163,,0.7221,2026-06-25T18:45:58.604237,2
ESNT,ESNT,USA,--,--,61.81,USD,67.09,7.9,5696.0,735.0,-14.93,-22.37,Bearish,BUY,False,,False,,,1288.2,,0.098,0.086,,2026-06-25T18:45:58.932946,2
OII,OII,USA,--,--,38.84,USD,40.21,3.4,3874.1,1033.5,22.31,25.67,Bullish,Turning Up,False,,False,,,2784.2,1.72,0.2503,0.816,0.2042,2026-06-25T18:45:59.747591,2
STE,STE,USA,--,--,211.17,USD,269.44,21.6,20580.1,770.7,-16.58,-16.55,Bearish,Turning Up,False,,False,,,5935.9,1.54,0.0906,0.291,0.4425,2026-06-25T18:46:02.568004,2
RXRX,RXRX,USA,--,--,3.31,USD,7.18,53.9,1756.9,15773.1,-21.13,-20.99,Bearish,Turning Up,False,,False,,,74.3,5.5,-1.1112,0.069,0.0445,2026-06-25T18:46:02.688340,2
WRBY,WRBY,USA,--,--,27.49,USD,31.0,11.3,3373.4,3091.7,14.53,10.68,Bullish,BUY,False,,False,,,871.9,2.05,-0.0101,0.634,0.5397,2026-06-25T18:46:03.094162,2
DNA,DNA,USA,--,--,9.47,USD,17.58,46.1,618.6,1248.8,19.46,17.38,Bullish,BUY,False,,False,,,170.2,4.92,-0.3538,0.865,0.7239,2026-06-25T18:46:04.595712,2
RXST,RXST,USA,--,--,5.24,USD,13.65,61.6,217.1,816.6,-72.56,-72.15,OVERSOLD,Turning Up,False,,False,,,,,,,,2026-06-25T18:46:06.877357,2
OABI,OABI,USA,--,--,2.49,USD,2.79,10.8,361.0,679.7,49.5,49.75,OVERBOUGHT,Turning Up,False,,False,,,18.7,4.02,-0.2601,0.076,0.9838,2026-06-25T18:45:44.038030,1
ECPG,ECPG,USA,--,--,86.36,USD,92.64,6.8,1851.6,328.4,6.46,9.48,Bullish,Turning Up,False,,False,,,1768.8,1.04,0.0967,4.097,0.546,2026-06-25T18:45:46.668363,1
SPG,SPG,USA,--,--,225.98,USD,222.4,-1.6,73283.0,1685.1,76.18,74.19,OVERBOUGHT,BUY,False,,False,,,6364.5,0.57,0.0883,5.604,0.819,2026-06-25T18:45:47.077552,1
PUBM,PUBM,USA,--,--,11.88,USD,13.88,14.4,551.7,671.9,62.04,63.12,OVERBOUGHT,Turning Up,False,,False,,,282.9,1.39,-0.0985,0.167,0.6356,2026-06-25T18:45:47.835773,1
LLYVK,LLYVK,USA,--,--,101.63,USD,104.2,2.5,9350.4,367.2,36.45,32.45,Bullish,BUY,False,,False,,,382.0,0.33,,,0.1925,2026-06-25T18:45:48.543612,1
GEV,GEV,USA,--,--,1088.68,USD,1181.95,7.9,292550.1,2701.7,13.38,8.18,Bullish,BUY,False,,False,,,38068.0,0.75,0.1053,0.105,0.1979,2026-06-25T18:45:48.635157,1
HSBC,HSBC,USA,--,--,95.03,USD,96.9,1.9,325918.9,1804.4,65.75,65.16,OVERBOUGHT,BUY,False,,False,,,71020.0,,,1.292,,2026-06-25T18:45:49.331433,1
IRM,IRM,USA,--,--,130.89,USD,134.68,2.8,38943.0,1513.8,59.38,59.01,OVERBOUGHT,BUY,False,,False,,,6901.7,0.74,0.0552,,0.5538,2026-06-25T18:45:50.000157,1
KRNY,KRNY,USA,--,--,9.13,USD,9.0,-1.4,574.6,348.9,76.85,73.88,OVERBOUGHT,BUY,False,,False,,,154.0,,,1.684,,2026-06-25T18:45:51.313646,1
EMA,EMA,USA,--,--,53.28,USD,54.06,1.4,16298.4,399.4,19.33,17.53,Bullish,BUY,False,,False,,,8776.0,0.54,0.0504,1.604,0.4364,2026-06-25T18:45:52.299769,1
HG,HG,USA,--,--,32.16,USD,33.72,4.6,3192.1,449.1,16.32,13.44,Bullish,BUY,False,,False,,,2960.7,,0.0993,0.053,,2026-06-25T18:45:53.598263,1
AFG,AFG,USA,--,--,136.0,USD,150.02,9.3,11299.7,494.3,41.48,39.72,OVERBOUGHT,BUY,False,,False,,,8118.0,,0.0293,0.378,,2026-06-25T18:45:54.394019,1
GTY,GTY,USA,--,--,33.62,USD,34.75,3.3,2032.9,429.0,-4.25,-3.65,Bearish,Turning Up,False,,False,,,221.7,0.33,0.0523,0.942,0.9606,2026-06-25T18:45:56.597744,1
NNN,NNN,USA,--,--,46.47,USD,46.9,0.9,8839.9,1804.5,61.45,59.84,OVERBOUGHT,BUY,False,,False,,,926.2,0.19,0.0501,1.093,0.9596,2026-06-25T18:45:56.643409,1
STGW,STGW,USA,--,--,6.91,USD,7.52,8.2,1711.4,1421.2,12.06,9.49,Bullish,BUY,False,,False,,,2909.0,0.79,0.0303,2.117,0.3654,2026-06-25T18:45:57.191920,1
NLY,NLY,USA,--,--,22.53,USD,24.52,8.1,16513.1,6798.0,21.19,17.88,Bullish,BUY,False,,False,,,2244.4,,,1.984,,2026-06-25T18:45:57.575415,1
ASND,ASND,USA,--,--,257.64,USD,250.74,-2.7,16894.7,665.6,8.32,-3.83,Bullish,BUY,False,,False,,,720.1,0.76,,,0.8682,2026-06-25T18:45:59.511523,1
TFC,TFC,USA,--,--,50.47,USD,56.2,10.2,62885.8,9348.1,30.56,30.19,Bullish,BUY,False,,False,,,20319.0,,,0.986,,2026-06-25T18:45:59.548123,1
OPRT,OPRT,USA,--,--,5.85,USD,7.97,26.6,267.6,483.3,3.35,2.09,Bullish,BUY,False,,False,,,405.8,,,7.206,,2026-06-25T18:46:00.406262,1
GRPN,GRPN,USA,--,--,22.06,USD,43.08,48.8,837.7,1927.9,29.79,29.67,Bullish,BUY,False,,False,,,498.4,0.98,,,0.9079,2026-06-25T18:46:01.099541,1
IDA,IDA,USA,--,--,148.8,USD,149.73,0.6,8244.7,531.4,28.18,17.09,Bullish,BUY,False,,False,,,1813.0,0.68,0.0388,1.026,0.1979,2026-06-25T18:46:01.220234,1
LNT,LNT,USA,--,--,76.01,USD,75.76,-0.3,19631.6,2316.6,38.9,30.98,Bullish,BUY,False,,False,,,4362.0,0.66,0.0459,1.652,0.4567,2026-06-25T18:46:02.248103,1
ARDT,ARDT,USA,--,--,9.34,USD,15.48,39.7,1338.2,465.7,6.36,7.61,Bullish,Turning Up,False,,False,,,6324.3,1.85,0.074,,0.4085,2026-06-25T18:46:02.329307,1
SPNT,SPNT,USA,--,--,23.0,USD,24.32,5.4,2702.9,747.3,23.27,22.54,Bullish,BUY,False,,False,,,3179.9,,0.0446,0.279,,2026-06-25T18:46:04.035918,1
PHK,PHK,USA,--,--,4.6,USD,5.04,8.7,857.7,678.4,18.91,13.41,Bullish,BUY,False,,False,,,103.7,,,0.1,,2026-06-25T18:46:05.453083,1
ACAD,ACAD,USA,--,--,23.44,USD,28.35,17.3,4013.8,1622.4,8.58,-3.81,Bullish,BUY,False,,False,,,1071.5,,,,0.9169,2026-06-25T18:46:06.643537,1
NAC,NAC,USA,--,--,12.06,USD,12.25,1.6,1884.5,611.7,67.87,67.16,OVERBOUGHT,BUY,False,,False,,,-112.8,,,,,2026-06-25T18:46:06.726125,1
TRGP,TRGP,USA,--,--,274.98,USD,280.0,1.8,59022.8,1246.9,50.21,48.18,OVERBOUGHT,BUY,False,,False,,,,,,,,2026-06-25T18:46:06.939923,1
EG,EG,USA,--,--,341.94,USD,368.29,7.2,13531.1,383.8,3.42,5.07,Bullish,Turning Up,False,,False,,,17218.0,,0.0281,0.232,,2026-06-25T18:45:49.854792,0
BTI,BTI,USA,--,--,62.19,USD,67.3,7.6,134316.4,4090.3,2.89,6.82,Bullish,Turning Up,False,,False,,,25610.0,0.57,0.1006,0.732,0.835,2026-06-25T18:45:50.560700,0
MXL,MXL,USA,--,--,95.39,USD,106.28,10.2,8541.8,4644.0,62.31,63.58,OVERBOUGHT,Turning Up,False,,False,,,467.6,0.92,-0.1847,0.321,0.5684,2026-06-25T18:45:56.239318,0
FMNB,FMNB,USA,--,--,14.49,USD,15.5,6.5,858.1,353.3,63.22,64.31,OVERBOUGHT,Turning Up,False,,False,,,188.6,,,0.757,,2026-06-25T18:45:58.504382,0
LINC,LINC,USA,--,--,48.74,USD,53.5,8.9,1546.1,482.7,26.44,28.14,Bullish,Turning Up,False,,False,,,518.2,0.82,0.061,1.021,0.6037,2026-06-25T18:46:00.339094,0
LAMR,LAMR,USA,--,--,153.51,USD,158.69,3.3,15576.9,606.5,60.22,60.47,OVERBOUGHT,Turning Up,False,,False,,,2266.2,0.58,0.111,4.862,0.6704,2026-06-25T18:46:01.390096,0
AWF,AWF,USA,--,--,10.23,USD,11.43,10.5,881.7,400.0,1.97,4.1,Bullish,Turning Up,False,,False,,,65.8,,,0.0,,2026-06-25T18:46:02.142411,0
AMH,AMH,USA,--,--,33.19,USD,36.86,9.9,11944.1,3006.5,66.4,66.65,OVERBOUGHT,Turning Up,False,,False,,,1850.2,0.37,0.0296,0.727,0.5683,2026-06-25T18:46:06.421406,0
FLEX,FLEX,USA,--,--,161.49,USD,166.86,3.2,59166.4,6528.0,72.98,73.69,OVERBOUGHT,Turning Up,False,,False,,,27914.0,,,,0.092,2026-06-25T18:46:06.678394,0
